holdepladsnr,navn,type nr,type navn,type ikon,etrs89koordinat øst,etrs89koordinat nord,wgs84koordinat bredde,wgs84koordinat længde,rejseplanen herfra,rejseplanen hertil,rejseplanen herframobil,rejseplanen hertilmobil,rejseplanen afgangstavle,rejseplanen ankomsttavle
8600600,Hvidovre st,1,S-togsstation,http://geo.oiorest.dk/img/RP_pictogram_tog web.png,718512,6174215,55.6645104792818,12.4743459816788,http://www.rejseplanen.dk/bin/query.exe/mn?S=8600600&start=yes,http://www.rejseplanen.dk/bin/query.exe/mn?Z=8600600&start=yes,http://www.rejseplanen.dk/mobil-bin/query.exe/mox?S=8600600&start=yes,http://www.rejseplanen.dk/mobil-bin/query.exe/mox?Z=8600600&start=yes,http://www.rejseplanen.dk/bin/stboard.exe/mn?ml=m&input=8600600&boardType=dep&time=now&start=yes,http://www.rejseplanen.dk/bin/stboard.exe/mn?ml=m&input=8600600&boardType=arr&time=now&start=yes
8600620,Taastrup st,1,S-togsstation,http://geo.oiorest.dk/img/RP_pictogram_tog web.png,707749,6172355,55.6525462051598,12.3021347978538,http://www.rejseplanen.dk/bin/query.exe/mn?S=8600620&start=yes,http://www.rejseplanen.dk/bin/query.exe/mn?Z=8600620&start=yes,http://www.rejseplanen.dk/mobil-bin/query.exe/mox?S=8600620&start=yes,http://www.rejseplanen.dk/mobil-bin/query.exe/mox?Z=8600620&start=yes,http://www.rejseplanen.dk/bin/stboard.exe/mn?ml=m&input=8600620&boardType=dep&time=now&start=yes,http://www.rejseplanen.dk/bin/stboard.exe/mn?ml=m&input=8600620&boardType=arr&time=now&start=yes
8600621,Albertslund st,1,S-togsstation,http://geo.oiorest.dk/img/RP_pictogram_tog web.png,710926,6173120,55.6580403519915,12.3531235427685,http://www.rejseplanen.dk/bin/query.exe/mn?S=8600621&start=yes,http://www.rejseplanen.dk/bin/query.exe/mn?Z=8600621&start=yes,http://www.rejseplanen.dk/mobil-bin/query.exe/mox?S=8600621&start=yes,http://www.rejseplanen.dk/mobil-bin/query.exe/mox?Z=8600621&start=yes,http://www.rejseplanen.dk/bin/stboard.exe/mn?ml=m&input=8600621&boardType=dep&time=now&start=yes,http://www.rejseplanen.dk/bin/stboard.exe/mn?ml=m&input=8600621&boardType=arr&time=now&start=yes
8600622,Glostrup st,1,S-togsstation,http://geo.oiorest.dk/img/RP_pictogram_tog web.png,713709,6173825,55.6631483484064,12.3978270360501,http://www.rejseplanen.dk/bin/query.exe/mn?S=8600622&start=yes,http://www.rejseplanen.dk/bin/query.exe/mn?Z=8600622&start=yes,http://www.rejseplanen.dk/mobil-bin/query.exe/mox?S=8600622&start=yes,http://www.rejseplanen.dk/mobil-bin/query.exe/mox?Z=8600622&start=yes,http://www.rejseplanen.dk/bin/stboard.exe/mn?ml=m&input=8600622&boardType=dep&time=now&start=yes,http://www.rejseplanen.dk/bin/stboard.exe/mn?ml=m&input=8600622&boardType=arr&time=now&start=yes
8600624,Valby st,1,S-togsstation,http://geo.oiorest.dk/img/RP_pictogram_tog web.png,721036,6174285,55.6639968410191,12.5144497936073,http://www.rejseplanen.dk/bin/query.exe/mn?S=8600624&start=yes,http://www.rejseplanen.dk/bin/query.exe/mn?Z=8600624&start=yes,http://www.rejseplanen.dk/mobil-bin/query.exe/mox?S=8600624&start=yes,http://www.rejseplanen.dk/mobil-bin/query.exe/mox?Z=8600624&start=yes,http://www.rejseplanen.dk/bin/stboard.exe/mn?ml=m&input=8600624&boardType=dep&time=now&start=yes,http://www.rejseplanen.dk/bin/stboard.exe/mn?ml=m&input=8600624&boardType=arr&time=now&start=yes
8600625,Enghave st,1,S-togsstation,http://geo.oiorest.dk/img/RP_pictogram_tog web.png,722613,6174304,55.6634474270362,12.5394858698214,http://www.rejseplanen.dk/bin/query.exe/mn?S=8600625&start=yes,http://www.rejseplanen.dk/bin/query.exe/mn?Z=8600625&start=yes,http://www.rejseplanen.dk/mobil-bin/query.exe/mox?S=8600625&start=yes,http://www.rejseplanen.dk/mobil-bin/query.exe/mox?Z=8600625&start=yes,http://www.rejseplanen.dk/bin/stboard.exe/mn?ml=m&input=8600625&boardType=dep&time=now&start=yes,http://www.rejseplanen.dk/bin/stboard.exe/mn?ml=m&input=8600625&boardType=arr&time=now&start=yes
8600626,København H,1,S-togsstation,http://geo.oiorest.dk/img/RP_pictogram_tog web.png,724212,6175458,55.6730614751946,12.5657966709911,http://www.rejseplanen.dk/bin/query.exe/mn?S=8600626&start=yes,http://www.rejseplanen.dk/bin/query.exe/mn?Z=8600626&start=yes,http://www.rejseplanen.dk/mobil-bin/query.exe/mox?S=8600626&start=yes,http://www.rejseplanen.dk/mobil-bin/query.exe/mox?Z=8600626&start=yes,http://www.rejseplanen.dk/bin/stboard.exe/mn?ml=m&input=8600626&boardType=dep&time=now&start=yes,http://www.rejseplanen.dk/bin/stboard.exe/mn?ml=m&input=8600626&boardType=arr&time=now&start=yes
8600634,Dybbølsbro st,1,S-togsstation,http://geo.oiorest.dk/img/RP_pictogram_tog web.png,723864,6174522,55.6648278338763,12.5595111645876,http://www.rejseplanen.dk/bin/query.exe/mn?S=8600634&start=yes,http://www.rejseplanen.dk/bin/query.exe/mn?Z=8600634&start=yes,http://www.rejseplanen.dk/mobil-bin/query.exe/mox?S=8600634&start=yes,http://www.rejseplanen.dk/mobil-bin/query.exe/mox?Z=8600634&start=yes,http://www.rejseplanen.dk/bin/stboard.exe/mn?ml=m&input=8600634&boardType=dep&time=now&start=yes,http://www.rejseplanen.dk/bin/stboard.exe/mn?ml=m&input=8600634&boardType=arr&time=now&start=yes
8600636,Sorgenfri st,1,S-togsstation,http://geo.oiorest.dk/img/RP_pictogram_tog web.png,718437,6187228,55.7812550331877,12.4835422211462,http://www.rejseplanen.dk/bin/query.exe/mn?S=8600636&start=yes,http://www.rejseplanen.dk/bin/query.exe/mn?Z=8600636&start=yes,http://www.rejseplanen.dk/mobil-bin/query.exe/mox?S=8600636&start=yes,http://www.rejseplanen.dk/mobil-bin/query.exe/mox?Z=8600636&start=yes,http://www.rejseplanen.dk/bin/stboard.exe/mn?ml=m&input=8600636&boardType=dep&time=now&start=yes,http://www.rejseplanen.dk/bin/stboard.exe/mn?ml=m&input=8600636&boardType=arr&time=now&start=yes
8600640,Fuglebakken st,1,S-togsstation,http://geo.oiorest.dk/img/RP_pictogram_tog web.png,721671,6177822,55.6954288254022,12.5273818321788,http://www.rejseplanen.dk/bin/query.exe/mn?S=8600640&start=yes,http://www.rejseplanen.dk/bin/query.exe/mn?Z=8600640&start=yes,http://www.rejseplanen.dk/mobil-bin/query.exe/mox?S=8600640&start=yes,http://www.rejseplanen.dk/mobil-bin/query.exe/mox?Z=8600640&start=yes,http://www.rejseplanen.dk/bin/stboard.exe/mn?ml=m&input=8600640&boardType=dep&time=now&start=yes,http://www.rejseplanen.dk/bin/stboard.exe/mn?ml=m&input=8600640&boardType=arr&time=now&start=yes
8600641,Grøndal st,1,S-togsstation,http://geo.oiorest.dk/img/RP_pictogram_tog web.png,720983,6177264,55.6907381225251,12.5160073547775,http://www.rejseplanen.dk/bin/query.exe/mn?S=8600641&start=yes,http://www.rejseplanen.dk/bin/query.exe/mn?Z=8600641&start=yes,http://www.rejseplanen.dk/mobil-bin/query.exe/mox?S=8600641&start=yes,http://www.rejseplanen.dk/mobil-bin/query.exe/mox?Z=8600641&start=yes,http://www.rejseplanen.dk/bin/stboard.exe/mn?ml=m&input=8600641&boardType=dep&time=now&start=yes,http://www.rejseplanen.dk/bin/stboard.exe/mn?ml=m&input=8600641&boardType=arr&time=now&start=yes
8600642,Nørrebro st,1,S-togsstation,http://geo.oiorest.dk/img/RP_pictogram_tog web.png,722295,6178458,55.7008472757173,12.5378059232498,http://www.rejseplanen.dk/bin/query.exe/mn?S=8600642&start=yes,http://www.rejseplanen.dk/bin/query.exe/mn?Z=8600642&start=yes,http://www.rejseplanen.dk/mobil-bin/query.exe/mox?S=8600642&start=yes,http://www.rejseplanen.dk/mobil-bin/query.exe/mox?Z=8600642&start=yes,http://www.rejseplanen.dk/bin/stboard.exe/mn?ml=m&input=8600642&boardType=dep&time=now&start=yes,http://www.rejseplanen.dk/bin/stboard.exe/mn?ml=m&input=8600642&boardType=arr&time=now&start=yes
8600644,Ryparken st,1,S-togsstation,http://geo.oiorest.dk/img/RP_pictogram_tog web.png,723574,6180142,55.7153619289076,12.5594915485368,http://www.rejseplanen.dk/bin/query.exe/mn?S=8600644&start=yes,http://www.rejseplanen.dk/bin/query.exe/mn?Z=8600644&start=yes,http://www.rejseplanen.dk/mobil-bin/query.exe/mox?S=8600644&start=yes,http://www.rejseplanen.dk/mobil-bin/query.exe/mox?Z=8600644&start=yes,http://www.rejseplanen.dk/bin/stboard.exe/mn?ml=m&input=8600644&boardType=dep&time=now&start=yes,http://www.rejseplanen.dk/bin/stboard.exe/mn?ml=m&input=8600644&boardType=arr&time=now&start=yes
8600645,Vesterport st,1,S-togsstation,http://geo.oiorest.dk/img/RP_pictogram_tog web.png,723962,6175774,55.6760106945238,12.5620871728117,http://www.rejseplanen.dk/bin/query.exe/mn?S=8600645&start=yes,http://www.rejseplanen.dk/bin/query.exe/mn?Z=8600645&start=yes,http://www.rejseplanen.dk/mobil-bin/query.exe/mox?S=8600645&start=yes,http://www.rejseplanen.dk/mobil-bin/query.exe/mox?Z=8600645&start=yes,http://www.rejseplanen.dk/bin/stboard.exe/mn?ml=m&input=8600645&boardType=dep&time=now&start=yes,http://www.rejseplanen.dk/bin/stboard.exe/mn?ml=m&input=8600645&boardType=arr&time=now&start=yes
8600646,Nørreport st,1,S-togsstation,http://geo.oiorest.dk/img/RP_pictogram_tog web.png,724501,6176587,55.6830528404156,12.5713063195675,http://www.rejseplanen.dk/bin/query.exe/mn?S=8600646&start=yes,http://www.rejseplanen.dk/bin/query.exe/mn?Z=8600646&start=yes,http://www.rejseplanen.dk/mobil-bin/query.exe/mox?S=8600646&start=yes,http://www.rejseplanen.dk/mobil-bin/query.exe/mox?Z=8600646&start=yes,http://www.rejseplanen.dk/bin/stboard.exe/mn?ml=m&input=8600646&boardType=dep&time=now&start=yes,http://www.rejseplanen.dk/bin/stboard.exe/mn?ml=m&input=8600646&boardType=arr&time=now&start=yes
8600650,Østerport st,1,S-togsstation,http://geo.oiorest.dk/img/RP_pictogram_tog web.png,725481,6177709,55.6926606768133,12.5877840519888,http://www.rejseplanen.dk/bin/query.exe/mn?S=8600650&start=yes,http://www.rejseplanen.dk/bin/query.exe/mn?Z=8600650&start=yes,http://www.rejseplanen.dk/mobil-bin/query.exe/mox?S=8600650&start=yes,http://www.rejseplanen.dk/mobil-bin/query.exe/mox?Z=8600650&start=yes,http://www.rejseplanen.dk/bin/stboard.exe/mn?ml=m&input=8600650&boardType=dep&time=now&start=yes,http://www.rejseplanen.dk/bin/stboard.exe/mn?ml=m&input=8600650&boardType=arr&time=now&start=yes
8600653,Nordhavn st,1,S-togsstation,http://geo.oiorest.dk/img/RP_pictogram_tog web.png,725584,6179159,55.7056160527932,12.5906127048722,http://www.rejseplanen.dk/bin/query.exe/mn?S=8600653&start=yes,http://www.rejseplanen.dk/bin/query.exe/mn?Z=8600653&start=yes,http://www.rejseplanen.dk/mobil-bin/query.exe/mox?S=8600653&start=yes,http://www.rejseplanen.dk/mobil-bin/query.exe/mox?Z=8600653&start=yes,http://www.rejseplanen.dk/bin/stboard.exe/mn?ml=m&input=8600653&boardType=dep&time=now&start=yes,http://www.rejseplanen.dk/bin/stboard.exe/mn?ml=m&input=8600653&boardType=arr&time=now&start=yes
8600654,Svanemøllen st,1,S-togsstation,http://geo.oiorest.dk/img/RP_pictogram_tog web.png,724738,6180223,55.7155504131477,12.5780494831281,http://www.rejseplanen.dk/bin/query.exe/mn?S=8600654&start=yes,http://www.rejseplanen.dk/bin/query.exe/mn?Z=8600654&start=yes,http://www.rejseplanen.dk/mobil-bin/query.exe/mox?S=8600654&start=yes,http://www.rejseplanen.dk/mobil-bin/query.exe/mox?Z=8600654&start=yes,http://www.rejseplanen.dk/bin/stboard.exe/mn?ml=m&input=8600654&boardType=dep&time=now&start=yes,http://www.rejseplanen.dk/bin/stboard.exe/mn?ml=m&input=8600654&boardType=arr&time=now&start=yes
8600655,Hellerup st,1,S-togsstation,http://geo.oiorest.dk/img/RP_pictogram_tog web.png,723997,6181910,55.7310220788207,12.5676584794374,http://www.rejseplanen.dk/bin/query.exe/mn?S=8600655&start=yes,http://www.rejseplanen.dk/bin/query.exe/mn?Z=8600655&start=yes,http://www.rejseplanen.dk/mobil-bin/query.exe/mox?S=8600655&start=yes,http://www.rejseplanen.dk/mobil-bin/query.exe/mox?Z=8600655&start=yes,http://www.rejseplanen.dk/bin/stboard.exe/mn?ml=m&input=8600655&boardType=dep&time=now&start=yes,http://www.rejseplanen.dk/bin/stboard.exe/mn?ml=m&input=8600655&boardType=arr&time=now&start=yes
8600657,Charlottenlund st,1,S-togsstation,http://geo.oiorest.dk/img/RP_pictogram_tog web.png,724159,6184241,55.7518512897275,12.5721444745897,http://www.rejseplanen.dk/bin/query.exe/mn?S=8600657&start=yes,http://www.rejseplanen.dk/bin/query.exe/mn?Z=8600657&start=yes,http://www.rejseplanen.dk/mobil-bin/query.exe/mox?S=8600657&start=yes,http://www.rejseplanen.dk/mobil-bin/query.exe/mox?Z=8600657&start=yes,http://www.rejseplanen.dk/bin/stboard.exe/mn?ml=m&input=8600657&boardType=dep&time=now&start=yes,http://www.rejseplanen.dk/bin/stboard.exe/mn?ml=m&input=8600657&boardType=arr&time=now&start=yes
8600658,Ordrup st,1,S-togsstation,http://geo.oiorest.dk/img/RP_pictogram_tog web.png,724816,6185526,55.7630703375598,12.5836491679276,http://www.rejseplanen.dk/bin/query.exe/mn?S=8600658&start=yes,http://www.rejseplanen.dk/bin/query.exe/mn?Z=8600658&start=yes,http://www.rejseplanen.dk/mobil-bin/query.exe/mox?S=8600658&start=yes,http://www.rejseplanen.dk/mobil-bin/query.exe/mox?Z=8600658&start=yes,http://www.rejseplanen.dk/bin/stboard.exe/mn?ml=m&input=8600658&boardType=dep&time=now&start=yes,http://www.rejseplanen.dk/bin/stboard.exe/mn?ml=m&input=8600658&boardType=arr&time=now&start=yes
8600659,Klampenborg st,1,S-togsstation,http://geo.oiorest.dk/img/RP_pictogram_tog web.png,724989,6187138,55.7774458601238,12.587729917516,http://www.rejseplanen.dk/bin/query.exe/mn?S=8600659&start=yes,http://www.rejseplanen.dk/bin/query.exe/mn?Z=8600659&start=yes,http://www.rejseplanen.dk/mobil-bin/query.exe/mox?S=8600659&start=yes,http://www.rejseplanen.dk/mobil-bin/query.exe/mox?Z=8600659&start=yes,http://www.rejseplanen.dk/bin/stboard.exe/mn?ml=m&input=8600659&boardType=dep&time=now&start=yes,http://www.rejseplanen.dk/bin/stboard.exe/mn?ml=m&input=8600659&boardType=arr&time=now&start=yes
8600672,Bernstorffsvej st,1,S-togsstation,http://geo.oiorest.dk/img/RP_pictogram_tog web.png,723290,6183215,55.7430515015769,12.5574879453674,http://www.rejseplanen.dk/bin/query.exe/mn?S=8600672&start=yes,http://www.rejseplanen.dk/bin/query.exe/mn?Z=8600672&start=yes,http://www.rejseplanen.dk/mobil-bin/query.exe/mox?S=8600672&start=yes,http://www.rejseplanen.dk/mobil-bin/query.exe/mox?Z=8600672&start=yes,http://www.rejseplanen.dk/bin/stboard.exe/mn?ml=m&input=8600672&boardType=dep&time=now&start=yes,http://www.rejseplanen.dk/bin/stboard.exe/mn?ml=m&input=8600672&boardType=arr&time=now&start=yes
8600673,Gentofte st,1,S-togsstation,http://geo.oiorest.dk/img/RP_pictogram_tog web.png,722235,6184327,55.7535091011885,12.5416200522429,http://www.rejseplanen.dk/bin/query.exe/mn?S=8600673&start=yes,http://www.rejseplanen.dk/bin/query.exe/mn?Z=8600673&start=yes,http://www.rejseplanen.dk/mobil-bin/query.exe/mox?S=8600673&start=yes,http://www.rejseplanen.dk/mobil-bin/query.exe/mox?Z=8600673&start=yes,http://www.rejseplanen.dk/bin/stboard.exe/mn?ml=m&input=8600673&boardType=dep&time=now&start=yes,http://www.rejseplanen.dk/bin/stboard.exe/mn?ml=m&input=8600673&boardType=arr&time=now&start=yes
8600674,Jægersborg st,1,S-togsstation,http://geo.oiorest.dk/img/RP_pictogram_tog web.png,720931,6185165,55.761621114895,12.5215611536005,http://www.rejseplanen.dk/bin/query.exe/mn?S=8600674&start=yes,http://www.rejseplanen.dk/bin/query.exe/mn?Z=8600674&start=yes,http://www.rejseplanen.dk/mobil-bin/query.exe/mox?S=8600674&start=yes,http://www.rejseplanen.dk/mobil-bin/query.exe/mox?Z=8600674&start=yes,http://www.rejseplanen.dk/bin/stboard.exe/mn?ml=m&input=8600674&boardType=dep&time=now&start=yes,http://www.rejseplanen.dk/bin/stboard.exe/mn?ml=m&input=8600674&boardType=arr&time=now&start=yes
8600675,Lyngby st,1,S-togsstation,http://geo.oiorest.dk/img/RP_pictogram_tog web.png,719737,6185825,55.7680836405337,12.5031005625904,http://www.rejseplanen.dk/bin/query.exe/mn?S=8600675&start=yes,http://www.rejseplanen.dk/bin/query.exe/mn?Z=8600675&start=yes,http://www.rejseplanen.dk/mobil-bin/query.exe/mox?S=8600675&start=yes,http://www.rejseplanen.dk/mobil-bin/query.exe/mox?Z=8600675&start=yes,http://www.rejseplanen.dk/bin/stboard.exe/mn?ml=m&input=8600675&boardType=dep&time=now&start=yes,http://www.rejseplanen.dk/bin/stboard.exe/mn?ml=m&input=8600675&boardType=arr&time=now&start=yes
8600676,Virum st,1,S-togsstation,http://geo.oiorest.dk/img/RP_pictogram_tog web.png,717718,6188792,55.7956062137611,12.4733489391256,http://www.rejseplanen.dk/bin/query.exe/mn?S=8600676&start=yes,http://www.rejseplanen.dk/bin/query.exe/mn?Z=8600676&start=yes,http://www.rejseplanen.dk/mobil-bin/query.exe/mox?S=8600676&start=yes,http://www.rejseplanen.dk/mobil-bin/query.exe/mox?Z=8600676&start=yes,http://www.rejseplanen.dk/bin/stboard.exe/mn?ml=m&input=8600676&boardType=dep&time=now&start=yes,http://www.rejseplanen.dk/bin/stboard.exe/mn?ml=m&input=8600676&boardType=arr&time=now&start=yes
8600677,Holte st,1,S-togsstation,http://geo.oiorest.dk/img/RP_pictogram_tog web.png,717367,6190120,55.8076746342654,12.4688208126945,http://www.rejseplanen.dk/bin/query.exe/mn?S=8600677&start=yes,http://www.rejseplanen.dk/bin/query.exe/mn?Z=8600677&start=yes,http://www.rejseplanen.dk/mobil-bin/query.exe/mox?S=8600677&start=yes,http://www.rejseplanen.dk/mobil-bin/query.exe/mox?Z=8600677&start=yes,http://www.rejseplanen.dk/bin/stboard.exe/mn?ml=m&input=8600677&boardType=dep&time=now&start=yes,http://www.rejseplanen.dk/bin/stboard.exe/mn?ml=m&input=8600677&boardType=arr&time=now&start=yes
8600678,Birkerød st,1,S-togsstation,http://geo.oiorest.dk/img/RP_pictogram_tog web.png,714380,6193632,55.8405083678198,12.4240180731165,http://www.rejseplanen.dk/bin/query.exe/mn?S=8600678&start=yes,http://www.rejseplanen.dk/bin/query.exe/mn?Z=8600678&start=yes,http://www.rejseplanen.dk/mobil-bin/query.exe/mox?S=8600678&start=yes,http://www.rejseplanen.dk/mobil-bin/query.exe/mox?Z=8600678&start=yes,http://www.rejseplanen.dk/bin/stboard.exe/mn?ml=m&input=8600678&boardType=dep&time=now&start=yes,http://www.rejseplanen.dk/bin/stboard.exe/mn?ml=m&input=8600678&boardType=arr&time=now&start=yes
8600679,Brøndbyøster st,1,S-togsstation,http://geo.oiorest.dk/img/RP_pictogram_tog web.png,716363,6174170,55.665068425431,12.440210794811,http://www.rejseplanen.dk/bin/query.exe/mn?S=8600679&start=yes,http://www.rejseplanen.dk/bin/query.exe/mn?Z=8600679&start=yes,http://www.rejseplanen.dk/mobil-bin/query.exe/mox?S=8600679&start=yes,http://www.rejseplanen.dk/mobil-bin/query.exe/mox?Z=8600679&start=yes,http://www.rejseplanen.dk/bin/stboard.exe/mn?ml=m&input=8600679&boardType=dep&time=now&start=yes,http://www.rejseplanen.dk/bin/stboard.exe/mn?ml=m&input=8600679&boardType=arr&time=now&start=yes
8600680,Rødovre st,1,S-togsstation,http://geo.oiorest.dk/img/RP_pictogram_tog web.png,717523,6174200,55.6648196427809,12.4586411797635,http://www.rejseplanen.dk/bin/query.exe/mn?S=8600680&start=yes,http://www.rejseplanen.dk/bin/query.exe/mn?Z=8600680&start=yes,http://www.rejseplanen.dk/mobil-bin/query.exe/mox?S=8600680&start=yes,http://www.rejseplanen.dk/mobil-bin/query.exe/mox?Z=8600680&start=yes,http://www.rejseplanen.dk/bin/stboard.exe/mn?ml=m&input=8600680&boardType=dep&time=now&start=yes,http://www.rejseplanen.dk/bin/stboard.exe/mn?ml=m&input=8600680&boardType=arr&time=now&start=yes
8600681,Allerød st,1,S-togsstation,http://geo.oiorest.dk/img/RP_pictogram_tog web.png,710024,6196816,55.8709827546035,12.3570447809922,http://www.rejseplanen.dk/bin/query.exe/mn?S=8600681&start=yes,http://www.rejseplanen.dk/bin/query.exe/mn?Z=8600681&start=yes,http://www.rejseplanen.dk/mobil-bin/query.exe/mox?S=8600681&start=yes,http://www.rejseplanen.dk/mobil-bin/query.exe/mox?Z=8600681&start=yes,http://www.rejseplanen.dk/bin/stboard.exe/mn?ml=m&input=8600681&boardType=dep&time=now&start=yes,http://www.rejseplanen.dk/bin/stboard.exe/mn?ml=m&input=8600681&boardType=arr&time=now&start=yes
8600683,Hillerød st,1,S-togsstation,http://geo.oiorest.dk/img/RP_pictogram_tog web.png,706842,6202899,55.9269233246794,12.3109284215726,http://www.rejseplanen.dk/bin/query.exe/mn?S=8600683&start=yes,http://www.rejseplanen.dk/bin/query.exe/mn?Z=8600683&start=yes,http://www.rejseplanen.dk/mobil-bin/query.exe/mox?S=8600683&start=yes,http://www.rejseplanen.dk/mobil-bin/query.exe/mox?Z=8600683&start=yes,http://www.rejseplanen.dk/bin/stboard.exe/mn?ml=m&input=8600683&boardType=dep&time=now&start=yes,http://www.rejseplanen.dk/bin/stboard.exe/mn?ml=m&input=8600683&boardType=arr&time=now&start=yes
8600688,Emdrup st,1,S-togsstation,http://geo.oiorest.dk/img/RP_pictogram_tog web.png,722362,6180696,55.7208874482028,12.5406868797465,http://www.rejseplanen.dk/bin/query.exe/mn?S=8600688&start=yes,http://www.rejseplanen.dk/bin/query.exe/mn?Z=8600688&start=yes,http://www.rejseplanen.dk/mobil-bin/query.exe/mox?S=8600688&start=yes,http://www.rejseplanen.dk/mobil-bin/query.exe/mox?Z=8600688&start=yes,http://www.rejseplanen.dk/bin/stboard.exe/mn?ml=m&input=8600688&boardType=dep&time=now&start=yes,http://www.rejseplanen.dk/bin/stboard.exe/mn?ml=m&input=8600688&boardType=arr&time=now&start=yes
8600689,Vangede st,1,S-togsstation,http://geo.oiorest.dk/img/RP_pictogram_tog web.png,721167,6182728,55.7396576150558,12.5233421143952,http://www.rejseplanen.dk/bin/query.exe/mn?S=8600689&start=yes,http://www.rejseplanen.dk/bin/query.exe/mn?Z=8600689&start=yes,http://www.rejseplanen.dk/mobil-bin/query.exe/mox?S=8600689&start=yes,http://www.rejseplanen.dk/mobil-bin/query.exe/mox?Z=8600689&start=yes,http://www.rejseplanen.dk/bin/stboard.exe/mn?ml=m&input=8600689&boardType=dep&time=now&start=yes,http://www.rejseplanen.dk/bin/stboard.exe/mn?ml=m&input=8600689&boardType=arr&time=now&start=yes
8600690,Buddinge st,1,S-togsstation,http://geo.oiorest.dk/img/RP_pictogram_tog web.png,719285,6183494,55.7473828454107,12.4940379316341,http://www.rejseplanen.dk/bin/query.exe/mn?S=8600690&start=yes,http://www.rejseplanen.dk/bin/query.exe/mn?Z=8600690&start=yes,http://www.rejseplanen.dk/mobil-bin/query.exe/mox?S=8600690&start=yes,http://www.rejseplanen.dk/mobil-bin/query.exe/mox?Z=8600690&start=yes,http://www.rejseplanen.dk/bin/stboard.exe/mn?ml=m&input=8600690&boardType=dep&time=now&start=yes,http://www.rejseplanen.dk/bin/stboard.exe/mn?ml=m&input=8600690&boardType=arr&time=now&start=yes
8600691,Stengården st,1,S-togsstation,http://geo.oiorest.dk/img/RP_pictogram_tog web.png,717926,6184446,55.7565343710854,12.473188160065,http://www.rejseplanen.dk/bin/query.exe/mn?S=8600691&start=yes,http://www.rejseplanen.dk/bin/query.exe/mn?Z=8600691&start=yes,http://www.rejseplanen.dk/mobil-bin/query.exe/mox?S=8600691&start=yes,http://www.rejseplanen.dk/mobil-bin/query.exe/mox?Z=8600691&start=yes,http://www.rejseplanen.dk/bin/stboard.exe/mn?ml=m&input=8600691&boardType=dep&time=now&start=yes,http://www.rejseplanen.dk/bin/stboard.exe/mn?ml=m&input=8600691&boardType=arr&time=now&start=yes
8600692,Bagsværd st,1,S-togsstation,http://geo.oiorest.dk/img/RP_pictogram_tog web.png,716665,6184978,55.761871658624,12.4535542427187,http://www.rejseplanen.dk/bin/query.exe/mn?S=8600692&start=yes,http://www.rejseplanen.dk/bin/query.exe/mn?Z=8600692&start=yes,http://www.rejseplanen.dk/mobil-bin/query.exe/mox?S=8600692&start=yes,http://www.rejseplanen.dk/mobil-bin/query.exe/mox?Z=8600692&start=yes,http://www.rejseplanen.dk/bin/stboard.exe/mn?ml=m&input=8600692&boardType=dep&time=now&start=yes,http://www.rejseplanen.dk/bin/stboard.exe/mn?ml=m&input=8600692&boardType=arr&time=now&start=yes
8600693,Skovbrynet st,1,S-togsstation,http://geo.oiorest.dk/img/RP_pictogram_tog web.png,715297,6185278,55.7651726247414,12.4320295190896,http://www.rejseplanen.dk/bin/query.exe/mn?S=8600693&start=yes,http://www.rejseplanen.dk/bin/query.exe/mn?Z=8600693&start=yes,http://www.rejseplanen.dk/mobil-bin/query.exe/mox?S=8600693&start=yes,http://www.rejseplanen.dk/mobil-bin/query.exe/mox?Z=8600693&start=yes,http://www.rejseplanen.dk/bin/stboard.exe/mn?ml=m&input=8600693&boardType=dep&time=now&start=yes,http://www.rejseplanen.dk/bin/stboard.exe/mn?ml=m&input=8600693&boardType=arr&time=now&start=yes
8600694,Hareskov st,1,S-togsstation,http://geo.oiorest.dk/img/RP_pictogram_tog web.png,713662,6185292,55.7660225360112,12.4060289836114,http://www.rejseplanen.dk/bin/query.exe/mn?S=8600694&start=yes,http://www.rejseplanen.dk/bin/query.exe/mn?Z=8600694&start=yes,http://www.rejseplanen.dk/mobil-bin/query.exe/mox?S=8600694&start=yes,http://www.rejseplanen.dk/mobil-bin/query.exe/mox?Z=8600694&start=yes,http://www.rejseplanen.dk/bin/stboard.exe/mn?ml=m&input=8600694&boardType=dep&time=now&start=yes,http://www.rejseplanen.dk/bin/stboard.exe/mn?ml=m&input=8600694&boardType=arr&time=now&start=yes
8600695,Værløse st,1,S-togsstation,http://geo.oiorest.dk/img/RP_pictogram_tog web.png,711516,6186972,55.7820340222742,12.3731886571177,http://www.rejseplanen.dk/bin/query.exe/mn?S=8600695&start=yes,http://www.rejseplanen.dk/bin/query.exe/mn?Z=8600695&start=yes,http://www.rejseplanen.dk/mobil-bin/query.exe/mox?S=8600695&start=yes,http://www.rejseplanen.dk/mobil-bin/query.exe/mox?Z=8600695&start=yes,http://www.rejseplanen.dk/bin/stboard.exe/mn?ml=m&input=8600695&boardType=dep&time=now&start=yes,http://www.rejseplanen.dk/bin/stboard.exe/mn?ml=m&input=8600695&boardType=arr&time=now&start=yes
8600696,Farum st,1,S-togsstation,http://geo.oiorest.dk/img/RP_pictogram_tog web.png,711375,6190309,55.8120274447408,12.3735338507901,http://www.rejseplanen.dk/bin/query.exe/mn?S=8600696&start=yes,http://www.rejseplanen.dk/bin/query.exe/mn?Z=8600696&start=yes,http://www.rejseplanen.dk/mobil-bin/query.exe/mox?S=8600696&start=yes,http://www.rejseplanen.dk/mobil-bin/query.exe/mox?Z=8600696&start=yes,http://www.rejseplanen.dk/bin/stboard.exe/mn?ml=m&input=8600696&boardType=dep&time=now&start=yes,http://www.rejseplanen.dk/bin/stboard.exe/mn?ml=m&input=8600696&boardType=arr&time=now&start=yes
8600701,Langgade st,1,S-togsstation,http://geo.oiorest.dk/img/RP_pictogram_tog web.png,720376,6174592,55.667049949762,12.5042242135794,http://www.rejseplanen.dk/bin/query.exe/mn?S=8600701&start=yes,http://www.rejseplanen.dk/bin/query.exe/mn?Z=8600701&start=yes,http://www.rejseplanen.dk/mobil-bin/query.exe/mox?S=8600701&start=yes,http://www.rejseplanen.dk/mobil-bin/query.exe/mox?Z=8600701&start=yes,http://www.rejseplanen.dk/bin/stboard.exe/mn?ml=m&input=8600701&boardType=dep&time=now&start=yes,http://www.rejseplanen.dk/bin/stboard.exe/mn?ml=m&input=8600701&boardType=arr&time=now&start=yes
8600702,Peter Bangs Vej st,1,S-togsstation,http://geo.oiorest.dk/img/RP_pictogram_tog web.png,720262,6175873,55.6785904485583,12.5034429995265,http://www.rejseplanen.dk/bin/query.exe/mn?S=8600702&start=yes,http://www.rejseplanen.dk/bin/query.exe/mn?Z=8600702&start=yes,http://www.rejseplanen.dk/mobil-bin/query.exe/mox?S=8600702&start=yes,http://www.rejseplanen.dk/mobil-bin/query.exe/mox?Z=8600702&start=yes,http://www.rejseplanen.dk/bin/stboard.exe/mn?ml=m&input=8600702&boardType=dep&time=now&start=yes,http://www.rejseplanen.dk/bin/stboard.exe/mn?ml=m&input=8600702&boardType=arr&time=now&start=yes
8600703,Vanløse st,1,S-togsstation,http://geo.oiorest.dk/img/RP_pictogram_tog web.png,719406,6176807,55.6873546760411,12.4906029158722,http://www.rejseplanen.dk/bin/query.exe/mn?S=8600703&start=yes,http://www.rejseplanen.dk/bin/query.exe/mn?Z=8600703&start=yes,http://www.rejseplanen.dk/mobil-bin/query.exe/mox?S=8600703&start=yes,http://www.rejseplanen.dk/mobil-bin/query.exe/mox?Z=8600703&start=yes,http://www.rejseplanen.dk/bin/stboard.exe/mn?ml=m&input=8600703&boardType=dep&time=now&start=yes,http://www.rejseplanen.dk/bin/stboard.exe/mn?ml=m&input=8600703&boardType=arr&time=now&start=yes
8600704,Islev st,1,S-togsstation,http://geo.oiorest.dk/img/RP_pictogram_tog web.png,718005,6178094,55.6995287348017,12.4693831939691,http://www.rejseplanen.dk/bin/query.exe/mn?S=8600704&start=yes,http://www.rejseplanen.dk/bin/query.exe/mn?Z=8600704&start=yes,http://www.rejseplanen.dk/mobil-bin/query.exe/mox?S=8600704&start=yes,http://www.rejseplanen.dk/mobil-bin/query.exe/mox?Z=8600704&start=yes,http://www.rejseplanen.dk/bin/stboard.exe/mn?ml=m&input=8600704&boardType=dep&time=now&start=yes,http://www.rejseplanen.dk/bin/stboard.exe/mn?ml=m&input=8600704&boardType=arr&time=now&start=yes
8600705,Husum st,1,S-togsstation,http://geo.oiorest.dk/img/RP_pictogram_tog web.png,717614,6179176,55.7094086206889,12.4640328366353,http://www.rejseplanen.dk/bin/query.exe/mn?S=8600705&start=yes,http://www.rejseplanen.dk/bin/query.exe/mn?Z=8600705&start=yes,http://www.rejseplanen.dk/mobil-bin/query.exe/mox?S=8600705&start=yes,http://www.rejseplanen.dk/mobil-bin/query.exe/mox?Z=8600705&start=yes,http://www.rejseplanen.dk/bin/stboard.exe/mn?ml=m&input=8600705&boardType=dep&time=now&start=yes,http://www.rejseplanen.dk/bin/stboard.exe/mn?ml=m&input=8600705&boardType=arr&time=now&start=yes
8600706,Herlev st,1,S-togsstation,http://geo.oiorest.dk/img/RP_pictogram_tog web.png,716283,6180170,55.7189191417014,12.4436738173444,http://www.rejseplanen.dk/bin/query.exe/mn?S=8600706&start=yes,http://www.rejseplanen.dk/bin/query.exe/mn?Z=8600706&start=yes,http://www.rejseplanen.dk/mobil-bin/query.exe/mox?S=8600706&start=yes,http://www.rejseplanen.dk/mobil-bin/query.exe/mox?Z=8600706&start=yes,http://www.rejseplanen.dk/bin/stboard.exe/mn?ml=m&input=8600706&boardType=dep&time=now&start=yes,http://www.rejseplanen.dk/bin/stboard.exe/mn?ml=m&input=8600706&boardType=arr&time=now&start=yes
8600707,Skovlunde st,1,S-togsstation,http://geo.oiorest.dk/img/RP_pictogram_tog web.png,713742,6180473,55.7227634744849,12.4035330008736,http://www.rejseplanen.dk/bin/query.exe/mn?S=8600707&start=yes,http://www.rejseplanen.dk/bin/query.exe/mn?Z=8600707&start=yes,http://www.rejseplanen.dk/mobil-bin/query.exe/mox?S=8600707&start=yes,http://www.rejseplanen.dk/mobil-bin/query.exe/mox?Z=8600707&start=yes,http://www.rejseplanen.dk/bin/stboard.exe/mn?ml=m&input=8600707&boardType=dep&time=now&start=yes,http://www.rejseplanen.dk/bin/stboard.exe/mn?ml=m&input=8600707&boardType=arr&time=now&start=yes
8600708,Ballerup st,1,S-togsstation,http://geo.oiorest.dk/img/RP_pictogram_tog web.png,710867,6181125,55.7298706529416,12.3583440803105,http://www.rejseplanen.dk/bin/query.exe/mn?S=8600708&start=yes,http://www.rejseplanen.dk/bin/query.exe/mn?Z=8600708&start=yes,http://www.rejseplanen.dk/mobil-bin/query.exe/mox?S=8600708&start=yes,http://www.rejseplanen.dk/mobil-bin/query.exe/mox?Z=8600708&start=yes,http://www.rejseplanen.dk/bin/stboard.exe/mn?ml=m&input=8600708&boardType=dep&time=now&start=yes,http://www.rejseplanen.dk/bin/stboard.exe/mn?ml=m&input=8600708&boardType=arr&time=now&start=yes
8600709,Måløv st,1,S-togsstation,http://geo.oiorest.dk/img/RP_pictogram_tog web.png,708261,6182963,55.747484585542,12.3183186475104,http://www.rejseplanen.dk/bin/query.exe/mn?S=8600709&start=yes,http://www.rejseplanen.dk/bin/query.exe/mn?Z=8600709&start=yes,http://www.rejseplanen.dk/mobil-bin/query.exe/mox?S=8600709&start=yes,http://www.rejseplanen.dk/mobil-bin/query.exe/mox?Z=8600709&start=yes,http://www.rejseplanen.dk/bin/stboard.exe/mn?ml=m&input=8600709&boardType=dep&time=now&start=yes,http://www.rejseplanen.dk/bin/stboard.exe/mn?ml=m&input=8600709&boardType=arr&time=now&start=yes
8600710,Veksø st,1,S-togsstation,http://geo.oiorest.dk/img/RP_pictogram_tog web.png,703235,6183029,55.7502113574823,12.2384314938637,http://www.rejseplanen.dk/bin/query.exe/mn?S=8600710&start=yes,http://www.rejseplanen.dk/bin/query.exe/mn?Z=8600710&start=yes,http://www.rejseplanen.dk/mobil-bin/query.exe/mox?S=8600710&start=yes,http://www.rejseplanen.dk/mobil-bin/query.exe/mox?Z=8600710&start=yes,http://www.rejseplanen.dk/bin/stboard.exe/mn?ml=m&input=8600710&boardType=dep&time=now&start=yes,http://www.rejseplanen.dk/bin/stboard.exe/mn?ml=m&input=8600710&boardType=arr&time=now&start=yes
8600711,Stenløse st,1,S-togsstation,http://geo.oiorest.dk/img/RP_pictogram_tog web.png,700152,6184688,55.7663786182775,12.1906078771851,http://www.rejseplanen.dk/bin/query.exe/mn?S=8600711&start=yes,http://www.rejseplanen.dk/bin/query.exe/mn?Z=8600711&start=yes,http://www.rejseplanen.dk/mobil-bin/query.exe/mox?S=8600711&start=yes,http://www.rejseplanen.dk/mobil-bin/query.exe/mox?Z=8600711&start=yes,http://www.rejseplanen.dk/bin/stboard.exe/mn?ml=m&input=8600711&boardType=dep&time=now&start=yes,http://www.rejseplanen.dk/bin/stboard.exe/mn?ml=m&input=8600711&boardType=arr&time=now&start=yes
8600712,Ølstykke st,1,S-togsstation,http://geo.oiorest.dk/img/RP_pictogram_tog web.png,698066,6187854,55.7956407245902,12.1597119835088,http://www.rejseplanen.dk/bin/query.exe/mn?S=8600712&start=yes,http://www.rejseplanen.dk/bin/query.exe/mn?Z=8600712&start=yes,http://www.rejseplanen.dk/mobil-bin/query.exe/mox?S=8600712&start=yes,http://www.rejseplanen.dk/mobil-bin/query.exe/mox?Z=8600712&start=yes,http://www.rejseplanen.dk/bin/stboard.exe/mn?ml=m&input=8600712&boardType=dep&time=now&start=yes,http://www.rejseplanen.dk/bin/stboard.exe/mn?ml=m&input=8600712&boardType=arr&time=now&start=yes
8600714,Frederikssund st,1,S-togsstation,http://geo.oiorest.dk/img/RP_pictogram_tog web.png,691973,6192057,55.8358089935593,12.0656358116696,http://www.rejseplanen.dk/bin/query.exe/mn?S=8600714&start=yes,http://www.rejseplanen.dk/bin/query.exe/mn?Z=8600714&start=yes,http://www.rejseplanen.dk/mobil-bin/query.exe/mox?S=8600714&start=yes,http://www.rejseplanen.dk/mobil-bin/query.exe/mox?Z=8600714&start=yes,http://www.rejseplanen.dk/bin/stboard.exe/mn?ml=m&input=8600714&boardType=dep&time=now&start=yes,http://www.rejseplanen.dk/bin/stboard.exe/mn?ml=m&input=8600714&boardType=arr&time=now&start=yes
8600734,Jyllingevej st,1,S-togsstation,http://geo.oiorest.dk/img/RP_pictogram_tog web.png,718545,6177149,55.6908103227143,12.477205847446,http://www.rejseplanen.dk/bin/query.exe/mn?S=8600734&start=yes,http://www.rejseplanen.dk/bin/query.exe/mn?Z=8600734&start=yes,http://www.rejseplanen.dk/mobil-bin/query.exe/mox?S=8600734&start=yes,http://www.rejseplanen.dk/mobil-bin/query.exe/mox?Z=8600734&start=yes,http://www.rejseplanen.dk/bin/stboard.exe/mn?ml=m&input=8600734&boardType=dep&time=now&start=yes,http://www.rejseplanen.dk/bin/stboard.exe/mn?ml=m&input=8600734&boardType=arr&time=now&start=yes
8600736,Flintholm st,1,S-togsstation,http://geo.oiorest.dk/img/RP_pictogram_tog web.png,719923,6176619,55.6854346795649,12.4986601371332,http://www.rejseplanen.dk/bin/query.exe/mn?S=8600736&start=yes,http://www.rejseplanen.dk/bin/query.exe/mn?Z=8600736&start=yes,http://www.rejseplanen.dk/mobil-bin/query.exe/mox?S=8600736&start=yes,http://www.rejseplanen.dk/mobil-bin/query.exe/mox?Z=8600736&start=yes,http://www.rejseplanen.dk/bin/stboard.exe/mn?ml=m&input=8600736&boardType=dep&time=now&start=yes,http://www.rejseplanen.dk/bin/stboard.exe/mn?ml=m&input=8600736&boardType=arr&time=now&start=yes
8600739,Bispebjerg st,1,S-togsstation,http://geo.oiorest.dk/img/RP_pictogram_tog web.png,722504,6179082,55.7063476628424,12.5416317073289,http://www.rejseplanen.dk/bin/query.exe/mn?S=8600739&start=yes,http://www.rejseplanen.dk/bin/query.exe/mn?Z=8600739&start=yes,http://www.rejseplanen.dk/mobil-bin/query.exe/mox?S=8600739&start=yes,http://www.rejseplanen.dk/mobil-bin/query.exe/mox?Z=8600739&start=yes,http://www.rejseplanen.dk/bin/stboard.exe/mn?ml=m&input=8600739&boardType=dep&time=now&start=yes,http://www.rejseplanen.dk/bin/stboard.exe/mn?ml=m&input=8600739&boardType=arr&time=now&start=yes
8600740,KB Hallen st,1,S-togsstation,http://geo.oiorest.dk/img/RP_pictogram_tog web.png,719567,6175768,55.6779634090945,12.492327534117,http://www.rejseplanen.dk/bin/query.exe/mn?S=8600740&start=yes,http://www.rejseplanen.dk/bin/query.exe/mn?Z=8600740&start=yes,http://www.rejseplanen.dk/mobil-bin/query.exe/mox?S=8600740&start=yes,http://www.rejseplanen.dk/mobil-bin/query.exe/mox?Z=8600740&start=yes,http://www.rejseplanen.dk/bin/stboard.exe/mn?ml=m&input=8600740&boardType=dep&time=now&start=yes,http://www.rejseplanen.dk/bin/stboard.exe/mn?ml=m&input=8600740&boardType=arr&time=now&start=yes
8600741,Ålholm st,1,S-togsstation,http://geo.oiorest.dk/img/RP_pictogram_tog web.png,719648,6175144,55.672330308903,12.4931138989765,http://www.rejseplanen.dk/bin/query.exe/mn?S=8600741&start=yes,http://www.rejseplanen.dk/bin/query.exe/mn?Z=8600741&start=yes,http://www.rejseplanen.dk/mobil-bin/query.exe/mox?S=8600741&start=yes,http://www.rejseplanen.dk/mobil-bin/query.exe/mox?Z=8600741&start=yes,http://www.rejseplanen.dk/bin/stboard.exe/mn?ml=m&input=8600741&boardType=dep&time=now&start=yes,http://www.rejseplanen.dk/bin/stboard.exe/mn?ml=m&input=8600741&boardType=arr&time=now&start=yes
8600742,Danshøj st,1,S-togsstation,http://geo.oiorest.dk/img/RP_pictogram_tog web.png,719732,6174250,55.6642742902961,12.4937316811136,http://www.rejseplanen.dk/bin/query.exe/mn?S=8600742&start=yes,http://www.rejseplanen.dk/bin/query.exe/mn?Z=8600742&start=yes,http://www.rejseplanen.dk/mobil-bin/query.exe/mox?S=8600742&start=yes,http://www.rejseplanen.dk/mobil-bin/query.exe/mox?Z=8600742&start=yes,http://www.rejseplanen.dk/bin/stboard.exe/mn?ml=m&input=8600742&boardType=dep&time=now&start=yes,http://www.rejseplanen.dk/bin/stboard.exe/mn?ml=m&input=8600742&boardType=arr&time=now&start=yes
8600756,Malmparken st,1,S-togsstation,http://geo.oiorest.dk/img/RP_pictogram_tog web.png,712633,6180627,55.7246323803226,12.3860281212472,http://www.rejseplanen.dk/bin/query.exe/mn?S=8600756&start=yes,http://www.rejseplanen.dk/bin/query.exe/mn?Z=8600756&start=yes,http://www.rejseplanen.dk/mobil-bin/query.exe/mox?S=8600756&start=yes,http://www.rejseplanen.dk/mobil-bin/query.exe/mox?Z=8600756&start=yes,http://www.rejseplanen.dk/bin/stboard.exe/mn?ml=m&input=8600756&boardType=dep&time=now&start=yes,http://www.rejseplanen.dk/bin/stboard.exe/mn?ml=m&input=8600756&boardType=arr&time=now&start=yes
8600760,Sydhavn st,1,S-togsstation,http://geo.oiorest.dk/img/RP_pictogram_tog web.png,722517,6173330,55.6547562547937,12.5371740316662,http://www.rejseplanen.dk/bin/query.exe/mn?S=8600760&start=yes,http://www.rejseplanen.dk/bin/query.exe/mn?Z=8600760&start=yes,http://www.rejseplanen.dk/mobil-bin/query.exe/mox?S=8600760&start=yes,http://www.rejseplanen.dk/mobil-bin/query.exe/mox?Z=8600760&start=yes,http://www.rejseplanen.dk/bin/stboard.exe/mn?ml=m&input=8600760&boardType=dep&time=now&start=yes,http://www.rejseplanen.dk/bin/stboard.exe/mn?ml=m&input=8600760&boardType=arr&time=now&start=yes
8600761,Sjælør st,1,S-togsstation,http://geo.oiorest.dk/img/RP_pictogram_tog web.png,721911,6172963,55.6517418447097,12.5272651605538,http://www.rejseplanen.dk/bin/query.exe/mn?S=8600761&start=yes,http://www.rejseplanen.dk/bin/query.exe/mn?Z=8600761&start=yes,http://www.rejseplanen.dk/mobil-bin/query.exe/mox?S=8600761&start=yes,http://www.rejseplanen.dk/mobil-bin/query.exe/mox?Z=8600761&start=yes,http://www.rejseplanen.dk/bin/stboard.exe/mn?ml=m&input=8600761&boardType=dep&time=now&start=yes,http://www.rejseplanen.dk/bin/stboard.exe/mn?ml=m&input=8600761&boardType=arr&time=now&start=yes
8600763,Åmarken st,1,S-togsstation,http://geo.oiorest.dk/img/RP_pictogram_tog web.png,720243,6171578,55.6400786663489,12.4996988746451,http://www.rejseplanen.dk/bin/query.exe/mn?S=8600763&start=yes,http://www.rejseplanen.dk/bin/query.exe/mn?Z=8600763&start=yes,http://www.rejseplanen.dk/mobil-bin/query.exe/mox?S=8600763&start=yes,http://www.rejseplanen.dk/mobil-bin/query.exe/mox?Z=8600763&start=yes,http://www.rejseplanen.dk/bin/stboard.exe/mn?ml=m&input=8600763&boardType=dep&time=now&start=yes,http://www.rejseplanen.dk/bin/stboard.exe/mn?ml=m&input=8600763&boardType=arr&time=now&start=yes
8600764,Friheden st,1,S-togsstation,http://geo.oiorest.dk/img/RP_pictogram_tog web.png,719227,6170279,55.6288870838912,12.4825532147474,http://www.rejseplanen.dk/bin/query.exe/mn?S=8600764&start=yes,http://www.rejseplanen.dk/bin/query.exe/mn?Z=8600764&start=yes,http://www.rejseplanen.dk/mobil-bin/query.exe/mox?S=8600764&start=yes,http://www.rejseplanen.dk/mobil-bin/query.exe/mox?Z=8600764&start=yes,http://www.rejseplanen.dk/bin/stboard.exe/mn?ml=m&input=8600764&boardType=dep&time=now&start=yes,http://www.rejseplanen.dk/bin/stboard.exe/mn?ml=m&input=8600764&boardType=arr&time=now&start=yes
8600765,Avedøre st,1,S-togsstation,http://geo.oiorest.dk/img/RP_pictogram_tog web.png,717467,6169778,55.6251832828179,12.4542560407,http://www.rejseplanen.dk/bin/query.exe/mn?S=8600765&start=yes,http://www.rejseplanen.dk/bin/query.exe/mn?Z=8600765&start=yes,http://www.rejseplanen.dk/mobil-bin/query.exe/mox?S=8600765&start=yes,http://www.rejseplanen.dk/mobil-bin/query.exe/mox?Z=8600765&start=yes,http://www.rejseplanen.dk/bin/stboard.exe/mn?ml=m&input=8600765&boardType=dep&time=now&start=yes,http://www.rejseplanen.dk/bin/stboard.exe/mn?ml=m&input=8600765&boardType=arr&time=now&start=yes
8600766,Brøndby Strand st,1,S-togsstation,http://geo.oiorest.dk/img/RP_pictogram_tog web.png,715502,6169207,55.6209358207159,12.4226597956498,http://www.rejseplanen.dk/bin/query.exe/mn?S=8600766&start=yes,http://www.rejseplanen.dk/bin/query.exe/mn?Z=8600766&start=yes,http://www.rejseplanen.dk/mobil-bin/query.exe/mox?S=8600766&start=yes,http://www.rejseplanen.dk/mobil-bin/query.exe/mox?Z=8600766&start=yes,http://www.rejseplanen.dk/bin/stboard.exe/mn?ml=m&input=8600766&boardType=dep&time=now&start=yes,http://www.rejseplanen.dk/bin/stboard.exe/mn?ml=m&input=8600766&boardType=arr&time=now&start=yes
8600767,Vallensbæk st,1,S-togsstation,http://geo.oiorest.dk/img/RP_pictogram_tog web.png,713336,6169359,55.6232534017291,12.3884443199793,http://www.rejseplanen.dk/bin/query.exe/mn?S=8600767&start=yes,http://www.rejseplanen.dk/bin/query.exe/mn?Z=8600767&start=yes,http://www.rejseplanen.dk/mobil-bin/query.exe/mox?S=8600767&start=yes,http://www.rejseplanen.dk/mobil-bin/query.exe/mox?Z=8600767&start=yes,http://www.rejseplanen.dk/bin/stboard.exe/mn?ml=m&input=8600767&boardType=dep&time=now&start=yes,http://www.rejseplanen.dk/bin/stboard.exe/mn?ml=m&input=8600767&boardType=arr&time=now&start=yes
8600768,Ishøj st,1,S-togsstation,http://geo.oiorest.dk/img/RP_pictogram_tog web.png,711469,6168168,55.6133848531197,12.3579336004536,http://www.rejseplanen.dk/bin/query.exe/mn?S=8600768&start=yes,http://www.rejseplanen.dk/bin/query.exe/mn?Z=8600768&start=yes,http://www.rejseplanen.dk/mobil-bin/query.exe/mox?S=8600768&start=yes,http://www.rejseplanen.dk/mobil-bin/query.exe/mox?Z=8600768&start=yes,http://www.rejseplanen.dk/bin/stboard.exe/mn?ml=m&input=8600768&boardType=dep&time=now&start=yes,http://www.rejseplanen.dk/bin/stboard.exe/mn?ml=m&input=8600768&boardType=arr&time=now&start=yes
8600769,Hundige st,1,S-togsstation,http://geo.oiorest.dk/img/RP_pictogram_tog web.png,710009,6166321,55.5974486524098,12.3333873797647,http://www.rejseplanen.dk/bin/query.exe/mn?S=8600769&start=yes,http://www.rejseplanen.dk/bin/query.exe/mn?Z=8600769&start=yes,http://www.rejseplanen.dk/mobil-bin/query.exe/mox?S=8600769&start=yes,http://www.rejseplanen.dk/mobil-bin/query.exe/mox?Z=8600769&start=yes,http://www.rejseplanen.dk/bin/stboard.exe/mn?ml=m&input=8600769&boardType=dep&time=now&start=yes,http://www.rejseplanen.dk/bin/stboard.exe/mn?ml=m&input=8600769&boardType=arr&time=now&start=yes
8600770,Greve st,1,S-togsstation,http://geo.oiorest.dk/img/RP_pictogram_tog web.png,707715,6164402,55.5812174644445,12.2955992126574,http://www.rejseplanen.dk/bin/query.exe/mn?S=8600770&start=yes,http://www.rejseplanen.dk/bin/query.exe/mn?Z=8600770&start=yes,http://www.rejseplanen.dk/mobil-bin/query.exe/mox?S=8600770&start=yes,http://www.rejseplanen.dk/mobil-bin/query.exe/mox?Z=8600770&start=yes,http://www.rejseplanen.dk/bin/stboard.exe/mn?ml=m&input=8600770&boardType=dep&time=now&start=yes,http://www.rejseplanen.dk/bin/stboard.exe/mn?ml=m&input=8600770&boardType=arr&time=now&start=yes
8600771,Karlslunde st,1,S-togsstation,http://geo.oiorest.dk/img/RP_pictogram_tog web.png,706108,6162662,55.5662901766364,12.2688510821882,http://www.rejseplanen.dk/bin/query.exe/mn?S=8600771&start=yes,http://www.rejseplanen.dk/bin/query.exe/mn?Z=8600771&start=yes,http://www.rejseplanen.dk/mobil-bin/query.exe/mox?S=8600771&start=yes,http://www.rejseplanen.dk/mobil-bin/query.exe/mox?Z=8600771&start=yes,http://www.rejseplanen.dk/bin/stboard.exe/mn?ml=m&input=8600771&boardType=dep&time=now&start=yes,http://www.rejseplanen.dk/bin/stboard.exe/mn?ml=m&input=8600771&boardType=arr&time=now&start=yes
8600780,Dyssegård st,1,S-togsstation,http://geo.oiorest.dk/img/RP_pictogram_tog web.png,721985,6181986,55.7326291911701,12.53574328416,http://www.rejseplanen.dk/bin/query.exe/mn?S=8600780&start=yes,http://www.rejseplanen.dk/bin/query.exe/mn?Z=8600780&start=yes,http://www.rejseplanen.dk/mobil-bin/query.exe/mox?S=8600780&start=yes,http://www.rejseplanen.dk/mobil-bin/query.exe/mox?Z=8600780&start=yes,http://www.rejseplanen.dk/bin/stboard.exe/mn?ml=m&input=8600780&boardType=dep&time=now&start=yes,http://www.rejseplanen.dk/bin/stboard.exe/mn?ml=m&input=8600780&boardType=arr&time=now&start=yes
8600781,Kildebakke st,1,S-togsstation,http://geo.oiorest.dk/img/RP_pictogram_tog web.png,720210,6183232,55.7446135431432,12.5085346098149,http://www.rejseplanen.dk/bin/query.exe/mn?S=8600781&start=yes,http://www.rejseplanen.dk/bin/query.exe/mn?Z=8600781&start=yes,http://www.rejseplanen.dk/mobil-bin/query.exe/mox?S=8600781&start=yes,http://www.rejseplanen.dk/mobil-bin/query.exe/mox?Z=8600781&start=yes,http://www.rejseplanen.dk/bin/stboard.exe/mn?ml=m&input=8600781&boardType=dep&time=now&start=yes,http://www.rejseplanen.dk/bin/stboard.exe/mn?ml=m&input=8600781&boardType=arr&time=now&start=yes
8600783,Ny Ellebjerg st,1,S-togsstation,http://geo.oiorest.dk/img/RP_pictogram_tog web.png,721165,6172997,55.6523866938965,12.5154599449178,http://www.rejseplanen.dk/bin/query.exe/mn?S=8600783&start=yes,http://www.rejseplanen.dk/bin/query.exe/mn?Z=8600783&start=yes,http://www.rejseplanen.dk/mobil-bin/query.exe/mox?S=8600783&start=yes,http://www.rejseplanen.dk/mobil-bin/query.exe/mox?Z=8600783&start=yes,http://www.rejseplanen.dk/bin/stboard.exe/mn?ml=m&input=8600783&boardType=dep&time=now&start=yes,http://www.rejseplanen.dk/bin/stboard.exe/mn?ml=m&input=8600783&boardType=arr&time=now&start=yes
8600790,Solrød Strand st,1,S-togsstation,http://geo.oiorest.dk/img/RP_pictogram_tog web.png,703077,6158845,55.5333177841629,12.2180635766763,http://www.rejseplanen.dk/bin/query.exe/mn?S=8600790&start=yes,http://www.rejseplanen.dk/bin/query.exe/mn?Z=8600790&start=yes,http://www.rejseplanen.dk/mobil-bin/query.exe/mox?S=8600790&start=yes,http://www.rejseplanen.dk/mobil-bin/query.exe/mox?Z=8600790&start=yes,http://www.rejseplanen.dk/bin/stboard.exe/mn?ml=m&input=8600790&boardType=dep&time=now&start=yes,http://www.rejseplanen.dk/bin/stboard.exe/mn?ml=m&input=8600790&boardType=arr&time=now&start=yes
8600791,Jersie st,1,S-togsstation,http://geo.oiorest.dk/img/RP_pictogram_tog web.png,702537,6157412,55.5206858392201,12.2084739386469,http://www.rejseplanen.dk/bin/query.exe/mn?S=8600791&start=yes,http://www.rejseplanen.dk/bin/query.exe/mn?Z=8600791&start=yes,http://www.rejseplanen.dk/mobil-bin/query.exe/mox?S=8600791&start=yes,http://www.rejseplanen.dk/mobil-bin/query.exe/mox?Z=8600791&start=yes,http://www.rejseplanen.dk/bin/stboard.exe/mn?ml=m&input=8600791&boardType=dep&time=now&start=yes,http://www.rejseplanen.dk/bin/stboard.exe/mn?ml=m&input=8600791&boardType=arr&time=now&start=yes
8600792,Ølby st,1,S-togsstation,http://geo.oiorest.dk/img/RP_pictogram_tog web.png,700681,6152764,55.4797505860856,12.175762032257,http://www.rejseplanen.dk/bin/query.exe/mn?S=8600792&start=yes,http://www.rejseplanen.dk/bin/query.exe/mn?Z=8600792&start=yes,http://www.rejseplanen.dk/mobil-bin/query.exe/mox?S=8600792&start=yes,http://www.rejseplanen.dk/mobil-bin/query.exe/mox?Z=8600792&start=yes,http://www.rejseplanen.dk/bin/stboard.exe/mn?ml=m&input=8600792&boardType=dep&time=now&start=yes,http://www.rejseplanen.dk/bin/stboard.exe/mn?ml=m&input=8600792&boardType=arr&time=now&start=yes
8600798,Høje Taastrup st,1,S-togsstation,http://geo.oiorest.dk/img/RP_pictogram_tog web.png,705705,6171840,55.6487954045996,12.2693200222568,http://www.rejseplanen.dk/bin/query.exe/mn?S=8600798&start=yes,http://www.rejseplanen.dk/bin/query.exe/mn?Z=8600798&start=yes,http://www.rejseplanen.dk/mobil-bin/query.exe/mox?S=8600798&start=yes,http://www.rejseplanen.dk/mobil-bin/query.exe/mox?Z=8600798&start=yes,http://www.rejseplanen.dk/bin/stboard.exe/mn?ml=m&input=8600798&boardType=dep&time=now&start=yes,http://www.rejseplanen.dk/bin/stboard.exe/mn?ml=m&input=8600798&boardType=arr&time=now&start=yes
8600803,Køge st,1,S-togsstation,http://geo.oiorest.dk/img/RP_pictogram_tog web.png,701462,6150325,55.4575473722657,12.1863328890783,http://www.rejseplanen.dk/bin/query.exe/mn?S=8600803&start=yes,http://www.rejseplanen.dk/bin/query.exe/mn?Z=8600803&start=yes,http://www.rejseplanen.dk/mobil-bin/query.exe/mox?S=8600803&start=yes,http://www.rejseplanen.dk/mobil-bin/query.exe/mox?Z=8600803&start=yes,http://www.rejseplanen.dk/bin/stboard.exe/mn?ml=m&input=8600803&boardType=dep&time=now&start=yes,http://www.rejseplanen.dk/bin/stboard.exe/mn?ml=m&input=8600803&boardType=arr&time=now&start=yes
8600804,Vigerslev Alle st,1,S-togsstation,http://geo.oiorest.dk/img/RP_pictogram_tog web.png,720068,6173779,55.6598980027353,12.4986856258844,http://www.rejseplanen.dk/bin/query.exe/mn?S=8600804&start=yes,http://www.rejseplanen.dk/bin/query.exe/mn?Z=8600804&start=yes,http://www.rejseplanen.dk/mobil-bin/query.exe/mox?S=8600804&start=yes,http://www.rejseplanen.dk/mobil-bin/query.exe/mox?Z=8600804&start=yes,http://www.rejseplanen.dk/bin/stboard.exe/mn?ml=m&input=8600804&boardType=dep&time=now&start=yes,http://www.rejseplanen.dk/bin/stboard.exe/mn?ml=m&input=8600804&boardType=arr&time=now&start=yes
8600955,Kildedal st,1,S-togsstation,http://geo.oiorest.dk/img/RP_pictogram_tog web.png,706249,6183365,55.7519515258874,12.2866234769663,http://www.rejseplanen.dk/bin/query.exe/mn?S=8600955&start=yes,http://www.rejseplanen.dk/bin/query.exe/mn?Z=8600955&start=yes,http://www.rejseplanen.dk/mobil-bin/query.exe/mox?S=8600955&start=yes,http://www.rejseplanen.dk/mobil-bin/query.exe/mox?Z=8600955&start=yes,http://www.rejseplanen.dk/bin/stboard.exe/mn?ml=m&input=8600955&boardType=dep&time=now&start=yes,http://www.rejseplanen.dk/bin/stboard.exe/mn?ml=m&input=8600955&boardType=arr&time=now&start=yes
8600956,Gl. Toftegård st,1,S-togsstation,http://geo.oiorest.dk/img/RP_pictogram_tog web.png,699761,6186183,55.7799523514852,12.1854805373514,http://www.rejseplanen.dk/bin/query.exe/mn?S=8600956&start=yes,http://www.rejseplanen.dk/bin/query.exe/mn?Z=8600956&start=yes,http://www.rejseplanen.dk/mobil-bin/query.exe/mox?S=8600956&start=yes,http://www.rejseplanen.dk/mobil-bin/query.exe/mox?Z=8600956&start=yes,http://www.rejseplanen.dk/bin/stboard.exe/mn?ml=m&input=8600956&boardType=dep&time=now&start=yes,http://www.rejseplanen.dk/bin/stboard.exe/mn?ml=m&input=8600956&boardType=arr&time=now&start=yes
